{"zface":{"view":"standard"},"zdoc":{"00000001003_1":{"name":"Passport","view":"passport_half_frame"},"00000001002_1":{"name":"Passport(full)","view":"passport_frame"},"00000002001_1":{"name":"EUID Front","view":"standard_frame"},"00000002001_2":{"name":"EUID Back","view":"standard_frame"},"00630000001_1":{"name":"UMID","view":"standard_frame"},"00630000002_1":{"name":"TIN ID","view":"standard_frame"},"00630000004_1":{"name":"Driver's License","view":"standard_frame"},"00630000005_1":{"name":"Alien/Immigrant CoR Front","view":"standard_frame"},"00630000005_2":{"name":"Alien/Immigrant CoR Back","view":"standard_frame"},"00630000008_1":{"name":"Gov't Office / GOCC ID Front","view":"empty_frame"},"00630000008_2":{"name":"Gov't Office / GOCC ID Back","view":"empty_frame"},"00630000016_1":{"name":"Postal ID","view":"standard_frame"},"00630000017_1":{"name":"PRC ID","view":"standard_frame"},"00630000033_1":{"name":"Identification Card Front","view":"standard_frame"},"00630000033_2":{"name":"Identification Card Back","view":"standard_frame"},"00630000032_1":{"name":"passport-new version Front","view":"passport_half_frame"},"00630000032_2":{"name":"passport-new version Back","view":"passport_half_frame"},"00630000031_1":{"name":"passport-old version Front","view":"passport_half_frame"},"00630000031_2":{"name":"passport-old version Back","view":"passport_half_frame"},"00630000028_1":{"name":"Philippines Passport","view":"passport_half_frame"},"00630000026_1":{"name":"HDMF ID","view":"standard_frame"},"00630000024_1":{"name":"Philhealth Card","view":"standard_frame"},"00630000022_1":{"name":"Voter's ID","view":"standard_frame"},"00630000021_1":{"name":"Student's ID Front","view":"empty_frame"},"00630000021_2":{"name":"Student's ID Back","view":"empty_frame"},"00630000020_1":{"name":"SSS ID","view":"standard_frame"}}}