{"color":{"titlebar_color":"#ff1053af","title_color":"#ffffffff","dialog_cancel":"#ff1053af","dialog_ok":"#ff1053af","zdoc_line_color":"#ffffffff","zdoc_line_cornor_color":"#ffffffff","zdoc_message_view_bg_color":"#ffffffff","zdoc_retake_bg":"#ffffffff","zdoc_message_tips_color":"#ff4a4a4a","zdoc_confirm_btn_normal_color":"#ff1053af","zdoc_confirm_btn_press_color":"#ff1053af","zdoc_retake_text_color":"#ff1053af","zdoc_retake_border_color":"#ff1053af","zdoc_submit_border_color":"#ff1053af","zdoc_submit_bg":"#ff1053af","brand_text_color":"#ffaaaaaa","zdoc_submit_text_color":"#ffffffff","zface_progress_start_color":"#ff1053af","zface_progress_end_color":"#ff1053af"},"image":{"title_bar_back":"img/img-back-white.png"}}