{"title_back":"","system_error_title":"系统错误","system_error_msg":"系统错误，请稍后再试","system_error_got_it":"我知道了","network_error_title":"网络异常","network_error_msg":"请检查网络，稍后再试","network_error_retry":"再试一次","network_error_exit":"退出","zdoc_title":"证件验证","zdoc_submit":"确认清晰","zdoc_retry":"重新拍摄","zdoc_processing":"正在处理...","zdoc_success":"正在处理...","zdoc_user_cancel_title":"确定退出吗？","zdoc_user_cancel_msg":"保证证件清晰无反光，更容易成功","zdoc_user_cancel_stay":"再试一次","zdoc_user_cancel_quit":"退出","zdoc_camera_permission_title":"无法启动相机","zdoc_camera_permission_msg":"请开启相机权限，或返回重试","zdoc_camera_permission_not_allow":"退出","zdoc_camera_permission_settings":"开启权限","zdoc_retry_max_title":"操作失败","zdoc_retry_max_msg":"尝试次数过多，请稍后再试","zdoc_retry_max_got_it":"我知道了","zdoc_expired_document_title":"证件已过期","zdoc_expired_document_msg":"确保证件类型符合要求，在有效期之内","zdoc_noface_title":"证件不完整","zdoc_noface_msg":"请确保证件清晰无反光","zdoc_exposure_title":"证件不完整","zdoc_exposure_msg":"请确保证件清晰无反光","zdoc_blur_title":"证件不完整","zdoc_blur_msg":"请确保证件清晰无反光","zdoc_imperfect_title":"证件不完整","zdoc_imperfect_msg":"请确保证件清晰无反光","zdoc_wrong_document_title":"没有检测到证件","zdoc_wrong_document_msg":"没有检测到符合要求的证件","zdoc_unknow_title":"没有检测到证件","zdoc_unknow_msg":"没有检测到符合要求的证件","zdoc_no_document_title":"没有检测到证件","zdoc_no_document_msg":"没有检测到符合要求的证件","zdoc_dialog_close":"退出","zdoc_dialog_retry":"再试一次","zface_title":"扫描人脸","zface_no_face":"没有检测到脸","zface_not_in_center":"没有检测到脸","zface_bad_pitch":"没有检测到脸","zface_bad_yaw":"没有检测到脸","zface_bad_quality":"没有检测到脸","zface_distance_too_far":"靠近一点","zface_distance_too_close":"离远一点","zface_bad_brightness":"脸部亮一点","zface_bad_eye_openness":"请注视屏幕","zface_blink_openness":"眨眨眼","zface_stack_time":"请保持不动","zface_is_blur":"再清晰一点","zface_is_moving":"再清晰一点","zface_processing":"正在处理...","zface_user_cancel_title":"确定退出吗？","zface_user_cancel_msg":"请对准手机操作，更容易成功","zface_user_cancel_stay":"再试一次","zface_user_cancel_quit":"退出","zface_camera_without_permission_title":"无法启动相机","zface_camera_without_permission_msg":"请开启相机权限，或返回重试","zface_camera_without_permission_go_settings":"开启权限","zface_camera_without_permission_quit":"退出","zface_retry_max_title":"操作失败","zface_retry_max_msg":"尝试次数过多，请稍后再试","zface_retry_max_got_it":"我知道了","zface_scan_fail_title":"刷脸失败","zface_scan_fail_msg":"请对准手机操作，更容易成功","zface_scan_fail_retry":"再试一次","zface_scan_fail_quit":"退出","zface_time_out_title":"操作超时","zface_time_out_msg":"请对准手机操作，更容易成功","zface_time_out_retry":"再试一次","zface_time_out_quit":"退出","zface_interrupt_title":"验证中断","zface_interrupt_msg":"请对准手机操作，更容易成功","zface_interrupt_retry":"再试一次","zface_interrupt_close":"退出","zface_device_unsupport_msg":"您的移动设备不支持刷脸认证","zface_device_unsupport_got_it":"我知道了","zface_camera_init_error_msg":"您的移动设备不支持刷脸认证","zface_camera_init_error_got_it":"我知道了","zdoc_passport_half_frame_tips_00000001003_1":"拍摄身份证正面","zdoc_capture_00000001003_1":"请把证件放入框架内部，确保清晰无反光","zdoc_confirm_00000001003_1":"请检查是否清晰，无反光，无遮挡","zdoc_passport_frame_tips_00000001002_1":"拍摄身份证正面","zdoc_capture_00000001002_1":"请把证件放入框架内部，确保清晰无反光","zdoc_confirm_00000001002_1":"请检查是否清晰，无反光，无遮挡","zdoc_standard_frame_tips_00000002001_1":"拍摄身份证正面","zdoc_capture_00000002001_1":"请把证件放入框架内部，确保清晰无反光","zdoc_confirm_00000002001_1":"请检查是否清晰，无反光，无遮挡","zdoc_standard_frame_tips_00000002001_2":"拍摄身份证反面","zdoc_capture_00000002001_2":"请把证件放入框架内部，确保清晰无反光","zdoc_confirm_00000002001_2":"请检查是否清晰，无反光，无遮挡","zdoc_standard_frame_tips_00630000001_1":"拍摄身份证正面","zdoc_capture_00630000001_1":"请把证件放入框架内部，确保清晰无反光","zdoc_confirm_00630000001_1":"请检查是否清晰，无反光，无遮挡","zdoc_standard_frame_tips_00630000002_1":"拍摄身份证正面","zdoc_capture_00630000002_1":"请把证件放入框架内部，确保清晰无反光","zdoc_confirm_00630000002_1":"请检查是否清晰，无反光，无遮挡","zdoc_standard_frame_tips_00630000004_1":"拍摄身份证正面","zdoc_capture_00630000004_1":"请把证件放入框架内部，确保清晰无反光","zdoc_confirm_00630000004_1":"请检查是否清晰，无反光，无遮挡","zdoc_standard_frame_tips_00630000005_1":"拍摄身份证正面","zdoc_capture_00630000005_1":"请把证件放入框架内部，确保清晰无反光","zdoc_confirm_00630000005_1":"请检查是否清晰，无反光，无遮挡","zdoc_standard_frame_tips_00630000005_2":"拍摄身份证反面","zdoc_capture_00630000005_2":"请把证件放入框架内部，确保清晰无反光","zdoc_confirm_00630000005_2":"请检查是否清晰，无反光，无遮挡","zdoc_empty_frame_tips_00630000008_1":"拍摄身份证正面","zdoc_capture_00630000008_1":"请把证件放入框架内部，确保清晰无反光","zdoc_confirm_00630000008_1":"请检查是否清晰，无反光，无遮挡","zdoc_empty_frame_tips_00630000008_2":"拍摄身份证反面","zdoc_capture_00630000008_2":"请把证件放入框架内部，确保清晰无反光","zdoc_confirm_00630000008_2":"请检查是否清晰，无反光，无遮挡","zdoc_standard_frame_tips_00630000016_1":"拍摄身份证正面","zdoc_capture_00630000016_1":"请把证件放入框架内部，确保清晰无反光","zdoc_confirm_00630000016_1":"请检查是否清晰，无反光，无遮挡","zdoc_standard_frame_tips_00630000017_1":"拍摄身份证正面","zdoc_capture_00630000017_1":"请把证件放入框架内部，确保清晰无反光","zdoc_confirm_00630000017_1":"请检查是否清晰，无反光，无遮挡","zdoc_standard_frame_tips_00630000033_1":"拍摄身份证正面","zdoc_capture_00630000033_1":"请把证件放入框架内部，确保清晰无反光","zdoc_confirm_00630000033_1":"请检查是否清晰，无反光，无遮挡","zdoc_standard_frame_tips_00630000033_2":"拍摄身份证反面","zdoc_capture_00630000033_2":"请把证件放入框架内部，确保清晰无反光","zdoc_confirm_00630000033_2":"请检查是否清晰，无反光，无遮挡","zdoc_passport_half_frame_tips_00630000032_1":"拍摄身份证正面","zdoc_capture_00630000032_1":"请把证件放入框架内部，确保清晰无反光","zdoc_confirm_00630000032_1":"请检查是否清晰，无反光，无遮挡","zdoc_passport_half_frame_tips_00630000032_2":"拍摄身份证反面","zdoc_capture_00630000032_2":"请把证件放入框架内部，确保清晰无反光","zdoc_confirm_00630000032_2":"请检查是否清晰，无反光，无遮挡","zdoc_passport_half_frame_tips_00630000031_1":"拍摄身份证正面","zdoc_capture_00630000031_1":"请把证件放入框架内部，确保清晰无反光","zdoc_confirm_00630000031_1":"请检查是否清晰，无反光，无遮挡","zdoc_passport_half_frame_tips_00630000031_2":"拍摄身份证反面","zdoc_capture_00630000031_2":"请把证件放入框架内部，确保清晰无反光","zdoc_confirm_00630000031_2":"请检查是否清晰，无反光，无遮挡","zdoc_passport_half_frame_tips_00630000028_1":"拍摄身份证正面","zdoc_capture_00630000028_1":"请把证件放入框架内部，确保清晰无反光","zdoc_confirm_00630000028_1":"请检查是否清晰，无反光，无遮挡","zdoc_standard_frame_tips_00630000026_1":"拍摄身份证正面","zdoc_capture_00630000026_1":"请把证件放入框架内部，确保清晰无反光","zdoc_confirm_00630000026_1":"请检查是否清晰，无反光，无遮挡","zdoc_standard_frame_tips_00630000024_1":"拍摄身份证正面","zdoc_capture_00630000024_1":"请把证件放入框架内部，确保清晰无反光","zdoc_confirm_00630000024_1":"请检查是否清晰，无反光，无遮挡","zdoc_standard_frame_tips_00630000022_1":"拍摄身份证正面","zdoc_capture_00630000022_1":"请把证件放入框架内部，确保清晰无反光","zdoc_confirm_00630000022_1":"请检查是否清晰，无反光，无遮挡","zdoc_empty_frame_tips_00630000021_1":"拍摄身份证正面","zdoc_capture_00630000021_1":"请把证件放入框架内部，确保清晰无反光","zdoc_confirm_00630000021_1":"请检查是否清晰，无反光，无遮挡","zdoc_empty_frame_tips_00630000021_2":"拍摄身份证反面","zdoc_capture_00630000021_2":"请把证件放入框架内部，确保清晰无反光","zdoc_confirm_00630000021_2":"请检查是否清晰，无反光，无遮挡","zdoc_standard_frame_tips_00630000020_1":"拍摄身份证正面","zdoc_capture_00630000020_1":"请把证件放入框架内部，确保清晰无反光","zdoc_confirm_00630000020_1":"请检查是否清晰，无反光，无遮挡"}