{"title_back":"","system_error_title":"System error","system_error_msg":"Sorry, system error. Please try again later.","system_error_got_it":"Got it","network_error_title":"Internet connection failed","network_error_msg":"Please check your internet connection and try again.","network_error_retry":"Retry","network_error_exit":"Quit","zdoc_title":"Take ID Photo","zdoc_submit":"Submit","zdoc_retry":"Retake","zdoc_processing":"Processing...","zdoc_success":"Processing...","zdoc_user_cancel_title":"Are you sure to quit?","zdoc_user_cancel_msg":"Please make sure your ID is clear and non-reflective, making it easier to succeed.","zdoc_user_cancel_stay":"Retry","zdoc_user_cancel_quit":"Quit","zdoc_camera_permission_title":"No camera permission","zdoc_camera_permission_msg":"Please allow the application to access your camera, or go back and try again.","zdoc_camera_permission_not_allow":"Quit","zdoc_camera_permission_settings":"Go Setting","zdoc_retry_max_title":"Too many attempts","zdoc_retry_max_msg":"You have reached the maximum number of attempts. Please try again later.","zdoc_retry_max_got_it":"Got it","zdoc_expired_document_title":"ID expired","zdoc_expired_document_msg":"Make sure your ID is not expired.","zdoc_noface_title":"ID not complete","zdoc_noface_msg":"Please make sure the ID is fully visible, glare free and not blurred.","zdoc_exposure_title":"ID not complete","zdoc_exposure_msg":"Please make sure the ID is fully visible, glare free and not blurred.","zdoc_blur_title":"ID not complete","zdoc_blur_msg":"Please make sure the ID is fully visible, glare free and not blurred.","zdoc_imperfect_title":"ID not complete","zdoc_imperfect_msg":"Please make sure the ID is fully visible, glare free and not blurred.","zdoc_wrong_document_title":"No ID detected","zdoc_wrong_document_msg":"Make sure you are using the required type of ID.","zdoc_unknow_title":"No ID detected","zdoc_unknow_msg":"Make sure you are using the required type of ID.","zdoc_no_document_title":"No ID detected","zdoc_no_document_msg":"Make sure you are using the required type of ID.","zdoc_dialog_close":"Quit","zdoc_dialog_retry":"Retry","zface_title":"Face Verification","zface_no_face":"No Face Detected","zface_not_in_center":"No Face Detected","zface_bad_pitch":"No Face Detected","zface_bad_yaw":"No Face Detected","zface_bad_quality":"No Face Detected","zface_distance_too_far":"Move Closer","zface_distance_too_close":"Move Further","zface_bad_brightness":"Face Too Dark","zface_bad_eye_openness":"Open Your Eyes","zface_blink_openness":"Blink","zface_stack_time":"Stay Still","zface_is_blur":"Image Unclear","zface_is_moving":"Image Unclear","zface_processing":"Processing...","zface_user_cancel_title":"Are you sure to quit?","zface_user_cancel_msg":"Please face straight at the camera, making it easier to succeed.","zface_user_cancel_stay":"Retry","zface_user_cancel_quit":"Quit","zface_camera_without_permission_title":"No camera permission","zface_camera_without_permission_msg":"Please allow the application to access your camera, or go back and try again.","zface_camera_without_permission_go_settings":"Go Setting","zface_camera_without_permission_quit":"Quit","zface_retry_max_title":"Too many attempts","zface_retry_max_msg":"You have reached the maximum number of attempts. Please try again later.","zface_retry_max_got_it":"Got it","zface_scan_fail_title":"Face verification failed","zface_scan_fail_msg":"Face straight at the phone and ensure your face is light and clear.","zface_scan_fail_retry":"Retry","zface_scan_fail_quit":"Quit","zface_time_out_title":"Operation time out","zface_time_out_msg":"Please face straight at the camera, making it easier to succeed.","zface_time_out_retry":"Retry","zface_time_out_quit":"Quit","zface_interrupt_title":"Face verification interrupted.","zface_interrupt_msg":"Please face straight at the camera, making it easier to succeed.","zface_interrupt_retry":"Retry","zface_interrupt_close":"Quit","zface_device_unsupport_msg":"Face verification is not supported on this device.","zface_device_unsupport_got_it":"Got it","zface_camera_init_error_msg":"Face verification is not supported on this device.","zface_camera_init_error_got_it":"Got it","zdoc_passport_half_frame_tips_00000001003_1":"Front page of ID","zdoc_capture_00000001003_1":"Place your ID within the frame and take a picture.","zdoc_confirm_00000001003_1":"Make sure your ID is fully visible, glare free and not blurred.","zdoc_passport_frame_tips_00000001002_1":"Front page of ID","zdoc_capture_00000001002_1":"Place your ID within the frame and take a picture.","zdoc_confirm_00000001002_1":"Make sure your ID is fully visible, glare free and not blurred.","zdoc_standard_frame_tips_00000002001_1":"Front page of ID","zdoc_capture_00000002001_1":"Place your ID within the frame and take a picture.","zdoc_confirm_00000002001_1":"Make sure your ID is fully visible, glare free and not blurred.","zdoc_standard_frame_tips_00000002001_2":"Back page of ID","zdoc_capture_00000002001_2":"Place your ID within the frame and take a picture.","zdoc_confirm_00000002001_2":"Make sure your ID is fully visible, glare free and not blurred.","zdoc_standard_frame_tips_00630000001_1":"Front page of ID","zdoc_capture_00630000001_1":"Place your ID within the frame and take a picture.","zdoc_confirm_00630000001_1":"Make sure your ID is fully visible, glare free and not blurred.","zdoc_standard_frame_tips_00630000002_1":"Front page of ID","zdoc_capture_00630000002_1":"Place your ID within the frame and take a picture.","zdoc_confirm_00630000002_1":"Make sure your ID is fully visible, glare free and not blurred.","zdoc_standard_frame_tips_00630000004_1":"Front page of ID","zdoc_capture_00630000004_1":"Place your ID within the frame and take a picture.","zdoc_confirm_00630000004_1":"Make sure your ID is fully visible, glare free and not blurred.","zdoc_standard_frame_tips_00630000005_1":"Front page of ID","zdoc_capture_00630000005_1":"Place your ID within the frame and take a picture.","zdoc_confirm_00630000005_1":"Make sure your ID is fully visible, glare free and not blurred.","zdoc_standard_frame_tips_00630000005_2":"Back page of ID","zdoc_capture_00630000005_2":"Place your ID within the frame and take a picture.","zdoc_confirm_00630000005_2":"Make sure your ID is fully visible, glare free and not blurred.","zdoc_empty_frame_tips_00630000008_1":"Front page of ID","zdoc_capture_00630000008_1":"Place your ID within the frame and take a picture.","zdoc_confirm_00630000008_1":"Make sure your ID is fully visible, glare free and not blurred.","zdoc_empty_frame_tips_00630000008_2":"Back page of ID","zdoc_capture_00630000008_2":"Place your ID within the frame and take a picture.","zdoc_confirm_00630000008_2":"Make sure your ID is fully visible, glare free and not blurred.","zdoc_standard_frame_tips_00630000016_1":"Front page of ID","zdoc_capture_00630000016_1":"Place your ID within the frame and take a picture.","zdoc_confirm_00630000016_1":"Make sure your ID is fully visible, glare free and not blurred.","zdoc_standard_frame_tips_00630000017_1":"Front page of ID","zdoc_capture_00630000017_1":"Place your ID within the frame and take a picture.","zdoc_confirm_00630000017_1":"Make sure your ID is fully visible, glare free and not blurred.","zdoc_standard_frame_tips_00630000033_1":"Front page of ID","zdoc_capture_00630000033_1":"Place your ID within the frame and take a picture.","zdoc_confirm_00630000033_1":"Make sure your ID is fully visible, glare free and not blurred.","zdoc_standard_frame_tips_00630000033_2":"Back page of ID","zdoc_capture_00630000033_2":"Place your ID within the frame and take a picture.","zdoc_confirm_00630000033_2":"Make sure your ID is fully visible, glare free and not blurred.","zdoc_passport_half_frame_tips_00630000032_1":"Front page of ID","zdoc_capture_00630000032_1":"Place your ID within the frame and take a picture.","zdoc_confirm_00630000032_1":"Make sure your ID is fully visible, glare free and not blurred.","zdoc_passport_half_frame_tips_00630000032_2":"Back page of ID","zdoc_capture_00630000032_2":"Place your ID within the frame and take a picture.","zdoc_confirm_00630000032_2":"Make sure your ID is fully visible, glare free and not blurred.","zdoc_passport_half_frame_tips_00630000031_1":"Front page of ID","zdoc_capture_00630000031_1":"Place your ID within the frame and take a picture.","zdoc_confirm_00630000031_1":"Make sure your ID is fully visible, glare free and not blurred.","zdoc_passport_half_frame_tips_00630000031_2":"Back page of ID","zdoc_capture_00630000031_2":"Place your ID within the frame and take a picture.","zdoc_confirm_00630000031_2":"Make sure your ID is fully visible, glare free and not blurred.","zdoc_passport_half_frame_tips_00630000028_1":"Front page of ID","zdoc_capture_00630000028_1":"Place your ID within the frame and take a picture.","zdoc_confirm_00630000028_1":"Make sure your ID is fully visible, glare free and not blurred.","zdoc_standard_frame_tips_00630000026_1":"Front page of ID","zdoc_capture_00630000026_1":"Place your ID within the frame and take a picture.","zdoc_confirm_00630000026_1":"Make sure your ID is fully visible, glare free and not blurred.","zdoc_standard_frame_tips_00630000024_1":"Front page of ID","zdoc_capture_00630000024_1":"Place your ID within the frame and take a picture.","zdoc_confirm_00630000024_1":"Make sure your ID is fully visible, glare free and not blurred.","zdoc_standard_frame_tips_00630000022_1":"Front page of ID","zdoc_capture_00630000022_1":"Place your ID within the frame and take a picture.","zdoc_confirm_00630000022_1":"Make sure your ID is fully visible, glare free and not blurred.","zdoc_empty_frame_tips_00630000021_1":"Front page of ID","zdoc_capture_00630000021_1":"Place your ID within the frame and take a picture.","zdoc_confirm_00630000021_1":"Make sure your ID is fully visible, glare free and not blurred.","zdoc_empty_frame_tips_00630000021_2":"Back page of ID","zdoc_capture_00630000021_2":"Place your ID within the frame and take a picture.","zdoc_confirm_00630000021_2":"Make sure your ID is fully visible, glare free and not blurred.","zdoc_standard_frame_tips_00630000020_1":"Front page of ID","zdoc_capture_00630000020_1":"Place your ID within the frame and take a picture.","zdoc_confirm_00630000020_1":"Make sure your ID is fully visible, glare free and not blurred."}